Workbook

Sheet Du_lieu_giao_dich
A1: DỮ LIỆU GIAO DỊCH – CHUẨN DATABASE
A2: Tra cứu tên người dùng: =VLOOKUP(TRIM(A4),'Tra_cuu_nguoi_dung'!$A$2:$C$13,3,FALSE)
A3: Mã giao dịch | B3: Mã đối tác | C3: Tên ngân hàng | D3: Tên người dùng | E3: Doanh số (VND) | F3: Phí cố định (VND) | G3: Tỷ lệ phí (%) | H3: Phí biến đổi (VND) | I3: Tổng phí (VND) | J3: Nội dung
A4: GD0001 | B4: VCB | C4: =VLOOKUP(TRIM(B4),'Tong_hop_phi'!$A$4:$D$13,2,FALSE) | D4: =IFERROR(VLOOKUP(TRIM(A4),'Tra_cuu_nguoi_dung'!$A$2:$C$13,3,FALSE),"#N/A") | E4: 1250000 | F4: =VLOOKUP(TRIM(B4),'Tong_hop_phi'!$A$4:$D$13,4,FALSE) | G4: =VLOOKUP(TRIM(B4),'Tong_hop_phi'!$A$4:$D$13,3,FALSE) | H4: =E4*G4 | I4: =F4+H4 | J4: Thanh toán học phí
A5: GD0002 | B5: BIDV | C5: =VLOOKUP(TRIM(B5),'Tong_hop_phi'!$A$4:$D$13,2,FALSE) | D5: =IFERROR(VLOOKUP(TRIM(A5),'Tra_cuu_nguoi_dung'!$A$2:$C$13,3,FALSE),"#N/A") | E5: 890000 | F5: =VLOOKUP(TRIM(B5),'Tong_hop_phi'!$A$4:$D$13,4,FALSE) | G5: =VLOOKUP(TRIM(B5),'Tong_hop_phi'!$A$4:$D$13,3,FALSE) | H5: =E5*G5 | I5: =F5+H5 | J5: Nạp tiền
A6: GD0003 | B6: CTG | C6: =VLOOKUP(TRIM(B6),'Tong_hop_phi'!$A$4:$D$13,2,FALSE) | D6: =IFERROR(VLOOKUP(TRIM(A6),'Tra_cuu_nguoi_dung'!$A$2:$C$13,3,FALSE),"#N/A") | E6: 520000 | F6: =VLOOKUP(TRIM(B6),'Tong_hop_phi'!$A$4:$D$13,4,FALSE) | G6: =VLOOKUP(TRIM(B6),'Tong_hop_phi'!$A$4:$D$13,3,FALSE) | H6: =E6*G6 | I6: =F6+H6 | J6: Thanh toán điện thoại
A7: GD0004 | B7: TCB | C7: =VLOOKUP(TRIM(B7),'Tong_hop_phi'!$A$4:$D$13,2,FALSE) | D7: =IFERROR(VLOOKUP(TRIM(A7),'Tra_cuu_nguoi_dung'!$A$2:$C$13,3,FALSE),"#N/A") | E7: 760000 | F7: =VLOOKUP(TRIM(B7),'Tong_hop_phi'!$A$4:$D$13,4,FALSE) | G7: =VLOOKUP(TRIM(B7),'Tong_hop_phi'!$A$4:$D$13,3,FALSE) | H7: =E7*G7 | I7: =F7+H7 | J7: Mua vé xe
A8: GD0005 | B8: MBB | C8: =VLOOKUP(TRIM(B8),'Tong_hop_phi'!$A$4:$D$13,2,FALSE) | D8: =IFERROR(VLOOKUP(TRIM(A8),'Tra_cuu_nguoi_dung'!$A$2:$C$13,3,FALSE),"#N/A") | E8: 1320000 | F8: =VLOOKUP(TRIM(B8),'Tong_hop_phi'!$A$4:$D$13,4,FALSE) | G8: =VLOOKUP(TRIM(B8),'Tong_hop_phi'!$A$4:$D$13,3,FALSE) | H8: =E8*G8 | I8: =F8+H8 | J8: Nạp tiền
A9: GD0006 | B9: ACB | C9: =VLOOKUP(TRIM(B9),'Tong_hop_phi'!$A$4:$D$13,2,FALSE) | D9: =IFERROR(VLOOKUP(TRIM(A9),'Tra_cuu_nguoi_dung'!$A$2:$C$13,3,FALSE),"#N/A") | E9: 450000 | F9: =VLOOKUP(TRIM(B9),'Tong_hop_phi'!$A$4:$D$13,4,FALSE) | G9: =VLOOKUP(TRIM(B9),'Tong_hop_phi'!$A$4:$D$13,3,FALSE) | H9: =E9*G9 | I9: =F9+H9 | J9: Thanh toán dịch vụ
A10: GD0007 | B10: VPB | C10: =VLOOKUP(TRIM(B10),'Tong_hop_phi'!$A$4:$D$13,2,FALSE) | D10: =IFERROR(VLOOKUP(TRIM(A10),'Tra_cuu_nguoi_dung'!$A$2:$C$13,3,FALSE),"#N/A") | E10: 980000 | F10: =VLOOKUP(TRIM(B10),'Tong_hop_phi'!$A$4:$D$13,4,FALSE) | G10: =VLOOKUP(TRIM(B10),'Tong_hop_phi'!$A$4:$D$13,3,FALSE) | H10: =E10*G10 | I10: =F10+H10 | J10: Mua hàng
A11: GD0008 | B11: TPB | C11: =VLOOKUP(TRIM(B11),'Tong_hop_phi'!$A$4:$D$13,2,FALSE) | D11: =IFERROR(VLOOKUP(TRIM(A11),'Tra_cuu_nguoi_dung'!$A$2:$C$13,3,FALSE),"#N/A") | E11: 620000 | F11: =VLOOKUP(TRIM(B11),'Tong_hop_phi'!$A$4:$D$13,4,FALSE) | G11: =VLOOKUP(TRIM(B11),'Tong_hop_phi'!$A$4:$D$13,3,FALSE) | H11: =E11*G11 | I11: =F11+H11 | J11: Nạp tiền
A12: GD0009 | B12: OCB | C12: =VLOOKUP(TRIM(B12),'Tong_hop_phi'!$A$4:$D$13,2,FALSE) | D12: =IFERROR(VLOOKUP(TRIM(A12),'Tra_cuu_nguoi_dung'!$A$2:$C$13,3,FALSE),"#N/A") | E12: 1100000 | F12: =VLOOKUP(TRIM(B12),'Tong_hop_phi'!$A$4:$D$13,4,FALSE) | G12: =VLOOKUP(TRIM(B12),'Tong_hop_phi'!$A$4:$D$13,3,FALSE) | H12: =E12*G12 | I12: =F12+H12 | J12: Thanh toán học phí
A13: GD0010 | B13: SHB | C13: =VLOOKUP(TRIM(B13),'Tong_hop_phi'!$A$4:$D$13,2,FALSE) | D13: =IFERROR(VLOOKUP(TRIM(A13),'Tra_cuu_nguoi_dung'!$A$2:$C$13,3,FALSE),"#N/A") | E13: 740000 | F13: =VLOOKUP(TRIM(B13),'Tong_hop_phi'!$A$4:$D$13,4,FALSE) | G13: =VLOOKUP(TRIM(B13),'Tong_hop_phi'!$A$4:$D$13,3,FALSE) | H13: =E13*G13 | I13: =F13+H13 | J13: Mua hàng
A14: GD0011 | B14: VCB | C14: =VLOOKUP(TRIM(B14),'Tong_hop_phi'!$A$4:$D$13,2,FALSE) | D14: =IFERROR(VLOOKUP(TRIM(A14),'Tra_cuu_nguoi_dung'!$A$2:$C$13,3,FALSE),"#N/A") | E14: 830000 | F14: =VLOOKUP(TRIM(B14),'Tong_hop_phi'!$A$4:$D$13,4,FALSE) | G14: =VLOOKUP(TRIM(B14),'Tong_hop_phi'!$A$4:$D$13,3,FALSE) | H14: =E14*G14 | I14: =F14+H14 | J14: Nạp tiền
A15: GD0012 | B15: BIDV | C15: =VLOOKUP(TRIM(B15),'Tong_hop_phi'!$A$4:$D$13,2,FALSE) | D15: =IFERROR(VLOOKUP(TRIM(A15),'Tra_cuu_nguoi_dung'!$A$2:$C$13,3,FALSE),"#N/A") | E15: 560000 | F15: =VLOOKUP(TRIM(B15),'Tong_hop_phi'!$A$4:$D$13,4,FALSE) | G15: =VLOOKUP(TRIM(B15),'Tong_hop_phi'!$A$4:$D$13,3,FALSE) | H15: =E15*G15 | I15: =F15+H15 | J15: Thanh toán dịch vụ

Sheet Tra_cuu_nguoi_dung
A1: Mã giao dịch | B1: Mã người dùng | C1: Tên người dùng
A2: GD0001 | B2: SV0001 | C2: Nguyễn Minh Anh
A3: GD0002 | B3: SV0002 | C3: Trần Gia Hân
A4: GD0003 | B4: SV0003 | C4: Lê Hoàng Nam
A5: GD0004 | B5: SV0004 | C5: Phạm Khánh Linh
A6: GD0005 | B6: SV0005 | C6: Đỗ Minh Khang
A7: GD0006 | B7: SV0006 | C7: Nguyễn Thảo Vy
A8: GD0007 | B8: SV0007 | C8: Bùi Quốc Huy
A9: GD0008 | B9: SV0008 | C9: Ngô Nhật Minh
A10: GD0009 | B10: SV0009 | C10: Võ Ngọc Mai
A11: GD0010 | B11: SV0010 | C11: Đặng Tuấn Kiệt
A12: GD0011 | B12: SV0011 | C12: Lương Bảo Châu
A13: GD0012 | B13: SV0012 | C13: Phan Đức Anh

Sheet Tong_hop_phi
A1: BẢNG TỔNG HỢP PHÍ TỪ ĐỐI TÁC NGÂN HÀNG – THÁNG 05/2024
A2: Công thức trọng tâm: VLOOKUP(...,FALSE) + TRIM; vùng dữ liệu chuẩn Database, không Merge và không có hàng trống.
A3: Mã đối tác | B3: Ngân hàng | C3: Tỷ lệ phí (%) | D3: Phí cố định (VND) | E3: Số giao dịch | F3: Doanh số (VND) | G3: Phí biến đổi (VND) | H3: Tổng phí (VND)
A4: VCB | B4: Vietcombank | C4: 0.0008 | D4: 1000000 | E4: =COUNTIF(Du_lieu_giao_dich!$B$2:$B$13,A4) | F4: =SUMIF(Du_lieu_giao_dich!$B$2:$B$13,A4,Du_lieu_giao_dich!$E$2:$E$13) | G4: =F4*C4 | H4: =D4*E4+G4
A5: BIDV | B5: BIDV | C5: 0.0008 | D5: 1000000 | E5: =COUNTIF(Du_lieu_giao_dich!$B$2:$B$13,A5) | F5: =SUMIF(Du_lieu_giao_dich!$B$2:$B$13,A5,Du_lieu_giao_dich!$E$2:$E$13) | G5: =F5*C5 | H5: =D5*E5+G5
A6: CTG | B6: VietinBank | C6: 0.0007 | D6: 1000000 | E6: =COUNTIF(Du_lieu_giao_dich!$B$2:$B$13,A6) | F6: =SUMIF(Du_lieu_giao_dich!$B$2:$B$13,A6,Du_lieu_giao_dich!$E$2:$E$13) | G6: =F6*C6 | H6: =D6*E6+G6
A7: TCB | B7: Techcombank | C7: 0.0007 | D7: 1000000 | E7: =COUNTIF(Du_lieu_giao_dich!$B$2:$B$13,A7) | F7: =SUMIF(Du_lieu_giao_dich!$B$2:$B$13,A7,Du_lieu_giao_dich!$E$2:$E$13) | G7: =F7*C7 | H7: =D7*E7+G7
A8: MBB | B8: MB Bank | C8: 0.0008 | D8: 1000000 | E8: =COUNTIF(Du_lieu_giao_dich!$B$2:$B$13,A8) | F8: =SUMIF(Du_lieu_giao_dich!$B$2:$B$13,A8,Du_lieu_giao_dich!$E$2:$E$13) | G8: =F8*C8 | H8: =D8*E8+G8
A9: ACB | B9: ACB | C9: 0.0008 | D9: 1000000 | E9: =COUNTIF(Du_lieu_giao_dich!$B$2:$B$13,A9) | F9: =SUMIF(Du_lieu_giao_dich!$B$2:$B$13,A9,Du_lieu_giao_dich!$E$2:$E$13) | G9: =F9*C9 | H9: =D9*E9+G9
A10: VPB | B10: VPBank | C10: 0.0008 | D10: 1000000 | E10: =COUNTIF(Du_lieu_giao_dich!$B$2:$B$13,A10) | F10: =SUMIF(Du_lieu_giao_dich!$B$2:$B$13,A10,Du_lieu_giao_dich!$E$2:$E$13) | G10: =F10*C10 | H10: =D10*E10+G10
A11: TPB | B11: TPBank | C11: 0.0008 | D11: 1000000 | E11: =COUNTIF(Du_lieu_giao_dich!$B$2:$B$13,A11) | F11: =SUMIF(Du_lieu_giao_dich!$B$2:$B$13,A11,Du_lieu_giao_dich!$E$2:$E$13) | G11: =F11*C11 | H11: =D11*E11+G11
A12: OCB | B12: OCB | C12: 0.0008 | D12: 1000000 | E12: =COUNTIF(Du_lieu_giao_dich!$B$2:$B$13,A12) | F12: =SUMIF(Du_lieu_giao_dich!$B$2:$B$13,A12,Du_lieu_giao_dich!$E$2:$E$13) | G12: =F12*C12 | H12: =D12*E12+G12
A13: SHB | B13: SHB | C13: 0.0008 | D13: 1000000 | E13: =COUNTIF(Du_lieu_giao_dich!$B$2:$B$13,A13) | F13: =SUMIF(Du_lieu_giao_dich!$B$2:$B$13,A13,Du_lieu_giao_dich!$E$2:$E$13) | G13: =F13*C13 | H13: =D13*E13+G13
A14: TỔNG CỘNG | E14: =SUM(E4:E13) | F14: =SUM(F4:F13) | G14: =SUM(G4:G13) | H14: =SUM(H4:H13)
